{
  "timestamp": "20260321_003626",
  "model": "qwen3.5-4B",
  "total_routes": 1,
  "successful": 1,
  "failed": 0,
  "results": [
    {
      "route_name": "chat/main",
      "prompt_name": "story",
      "success": true,
      "elapsed_ms": 10185.439348220825,
      "ttft_ms": 545.5136299133301,
      "prompt_tps": 274.97021481173925,
      "completion_tps": 23.02922309643866,
      "total_tps": 36.52272496865639,
      "error_message": null
    }
  ]
}